,prenoms,sexe,nombre_prenoms_sexe,nombre_prenoms,proportion
0,aaliyah,F,26,26,1.0
1,aaron,M,1042,1042,1.0
2,abd,M,5,5,1.0
3,abdallah,M,80,80,1.0
4,abdel,M,19,19,1.0
5,abdelkader,M,36,36,1.0
6,abdellah,M,6,6,1.0
7,abderrahmane,M,17,17,1.0
8,abdou,M,21,21,1.0
9,abdoul,M,42,42,1.0
10,abdoulaye,M,173,173,1.0
11,abdourahmane,M,5,5,1.0
12,abel,M,325,325,1.0
13,abigail,F,19,19,1.0
14,abigaël,F,50,50,1.0
15,abigaëlle,F,11,11,1.0
16,abigaïl,F,5,5,1.0
17,aboubacar,M,105,105,1.0
18,aboubakar,M,43,43,1.0
19,abraham,M,13,13,1.0
20,aby,F,17,17,1.0
21,achille,M,434,434,1.0
22,achraf,M,5,5,1.0
23,ada,F,12,12,1.0
24,adam,M,3231,3231,1.0
25,adama,M,155,155,1.0
26,adame,M,46,46,1.0
27,adel,M,174,174,1.0
28,adelaïde,F,74,74,1.0
29,adelie,F,36,36,1.0
30,adeline,F,34,34,1.0
31,adem,M,233,233,1.0
32,aden,M,5,5,1.0
33,adib,M,5,5,1.0
34,adil,M,43,43,1.0
35,adja,F,18,18,1.0
36,adrian,M,140,140,1.0
37,adriana,F,90,90,1.0
38,adriano,M,7,7,1.0
39,adrien,M,1784,1784,1.0
40,adÈle,F,193,193,1.0
41,adèle,F,1069,1069,1.0
42,agathe,F,1269,1269,1.0
43,aglae,F,14,14,1.0
44,agnès,F,72,72,1.0
45,ahmad,M,13,13,1.0
46,ahmed,M,388,388,1.0
47,aicha,F,5,5,1.0
48,aidan,M,5,5,1.0
49,aiden,M,5,5,1.0
50,aimee,F,31,31,1.0
51,aissatou,F,5,5,1.0
52,akram,M,20,20,1.0
53,aksel,M,102,102,1.0
54,aksil,M,15,15,1.0
55,alain,M,6,6,1.0
56,alan,M,228,228,1.0
57,alana,F,5,5,1.0
58,alassane,M,52,52,1.0
59,alaïs,F,5,5,1.0
60,alba,F,43,43,1.0
61,alban,M,394,394,1.0
62,albane,F,311,311,1.0
63,albert,M,84,84,1.0
64,albertine,F,7,7,1.0
65,albin,M,5,5,1.0
66,alec,M,19,19,1.0
67,aleksandar,M,7,7,1.0
68,aleksandra,F,13,13,1.0
69,alessandro,M,103,103,1.0
70,alessia,F,13,13,1.0
71,alessio,M,24,24,1.0
72,alex,M,409,409,1.0
73,alexander,M,87,87,1.0
74,alexandra,F,440,440,1.0
75,alexandre,M,3785,3785,1.0
76,alexane,F,25,25,1.0
77,alexi,M,5,5,1.0
78,alexia,F,371,371,1.0
79,alexis,M,1968,1968,1.0
80,alexy,M,13,13,1.0
81,alfred,M,43,43,1.0
82,ali,M,384,384,1.0
83,alia,F,43,43,1.0
84,alice,F,2579,2579,1.0
85,alicia,F,1004,1004,1.0
86,alienor,F,205,205,1.0
87,alima,F,18,18,1.0
88,alina,F,18,18,1.0
89,aline,F,89,89,1.0
90,aliou,M,8,8,1.0
91,alisha,F,9,9,1.0
92,alison,F,5,5,1.0
93,alissa,F,23,23,1.0
94,alistair,M,24,24,1.0
95,alix,F,989,1001,0.988011988011988
97,alixe,F,12,12,1.0
98,aliya,F,136,136,1.0
99,aliyah,F,68,68,1.0
100,alizee,F,19,19,1.0
101,alizÉe,F,9,9,1.0
102,alizée,F,38,38,1.0
103,aliénor,F,11,11,1.0
104,allan,M,103,103,1.0
105,allegra,F,6,6,1.0
106,alma,F,224,224,1.0
107,alon,M,15,15,1.0
108,alone,M,27,27,1.0
109,aloys,M,27,27,1.0
110,aloïs,M,93,93,1.0
111,alpha,M,32,32,1.0
112,alphonse,M,12,12,1.0
113,alwena,F,13,13,1.0
114,aly,M,25,25,1.0
115,alya,F,152,152,1.0
116,alyah,F,8,8,1.0
117,alycia,F,109,109,1.0
118,alyssa,F,242,242,1.0
119,alyssia,F,34,34,1.0
120,alysson,F,6,6,1.0
121,amadou,M,97,97,1.0
122,amalia,F,70,70,1.0
123,amanda,F,13,13,1.0
124,amandine,F,641,641,1.0
125,amani,M,8,8,1.0
126,amar,M,6,6,1.0
127,amara,M,37,37,1.0
128,amaury,M,489,489,1.0
129,amaya,F,10,10,1.0
130,amaël,M,10,10,1.0
131,amaïa,F,6,6,1.0
132,ambre,F,1357,1357,1.0
133,ambrine,F,34,34,1.0
134,ambroise,M,167,167,1.0
135,amel,F,197,197,1.0
136,amelia,F,101,101,1.0
137,amelie,F,274,274,1.0
138,amicie,F,28,28,1.0
139,amin,M,43,43,1.0
140,amina,F,276,276,1.0
141,aminata,F,336,336,1.0
142,amine,M,870,870,1.0
143,amir,M,335,335,1.0
144,amira,F,196,196,1.0
145,amos,M,6,6,1.0
146,amy,F,95,95,1.0
147,amÉlie,F,62,62,1.0
148,amélia,F,32,32,1.0
149,amélie,F,212,212,1.0
150,ana,F,290,290,1.0
151,anabelle,F,5,5,1.0
152,anae,F,90,90,1.0
153,anael,F,7,7,1.0
154,anaelle,F,37,37,1.0
155,anas,M,236,236,1.0
156,anass,M,10,10,1.0
157,anastasia,F,139,139,1.0
158,anatole,M,390,390,1.0
159,anaÉ,F,42,42,1.0
160,anaËl,M,6,6,1.0
161,anaËlle,F,103,103,1.0
162,anaÏs,F,351,351,1.0
163,anaé,F,64,64,1.0
164,anaël,F,28,28,1.0
165,anaëlle,F,401,401,1.0
166,anaïs,F,1909,1909,1.0
167,andre,M,96,96,1.0
168,andrea,F,526,538,0.9776951672862454
170,andreas,M,62,62,1.0
171,andrei,M,6,6,1.0
172,andrew,M,7,7,1.0
173,andrÉa,F,17,17,1.0
174,andréa,F,97,112,0.8660714285714286
176,andy,M,172,172,1.0
177,ange,M,133,133,1.0
179,angel,M,62,122,0.5081967213114754
180,angela,F,71,71,1.0
181,angelina,F,243,243,1.0
182,angeline,F,5,5,1.0
183,angelique,F,60,60,1.0
184,angelo,M,118,118,1.0
185,angie,F,16,16,1.0
186,angÈle,F,72,72,1.0
187,angèle,F,316,316,1.0
188,angélina,F,17,17,1.0
189,ania,F,54,54,1.0
190,anis,M,377,377,1.0
191,anissa,F,258,258,1.0
192,anita,F,16,16,1.0
193,anna,F,2007,2007,1.0
194,annabelle,F,73,73,1.0
195,annaëlle,F,43,43,1.0
196,anne,F,106,106,1.0
197,anne-laure,F,6,6,1.0
198,anne-sophie,F,7,7,1.0
199,anouck,F,50,50,1.0
200,anouk,F,609,609,1.0
201,anselme,M,42,42,1.0
202,anthony,M,514,514,1.0
203,antoine,M,3315,3315,1.0
204,anton,M,267,267,1.0
205,antoni,M,5,5,1.0
206,antonia,F,11,11,1.0
207,antonin,M,827,827,1.0
208,antonio,M,11,11,1.0
209,antony,M,62,62,1.0
210,anya,F,44,44,1.0
211,apolline,F,826,826,1.0
212,appoline,F,7,7,1.0
213,archibald,M,13,13,1.0
214,arda,M,17,17,1.0
215,ari,M,44,44,1.0
216,ariane,F,193,193,1.0
217,arie,M,38,38,1.0
218,ariel,M,138,138,1.0
219,arielle,F,21,21,1.0
220,arij,F,5,5,1.0
221,aris,M,12,12,1.0
222,aristide,M,45,45,1.0
223,arman,M,6,6,1.0
224,armance,F,17,17,1.0
225,armand,M,466,466,1.0
226,armel,M,25,25,1.0
227,armelle,F,5,5,1.0
228,arnaud,M,257,257,1.0
229,arno,M,12,12,1.0
230,aron,M,15,15,1.0
231,arsÈne,M,12,12,1.0
232,arsène,M,250,250,1.0
233,artemis,F,5,5,1.0
234,arthur,M,4018,4018,1.0
235,arthus,M,71,71,1.0
236,arto,M,6,6,1.0
237,artus,M,42,42,1.0
238,arwa,F,5,5,1.0
239,arwen,F,24,24,1.0
240,ashley,F,120,120,1.0
241,asia,F,5,5,1.0
242,asma,F,182,182,1.0
243,asmaa,F,5,5,1.0
244,assa,F,98,98,1.0
245,assetou,F,7,7,1.0
246,assia,F,379,379,1.0
247,assil,F,13,13,1.0
248,assya,F,22,22,1.0
249,astou,F,5,5,1.0
250,astrid,F,219,219,1.0
251,athena,F,6,6,1.0
252,athenaïs,F,55,55,1.0
253,aubane,F,5,5,1.0
254,aubin,M,106,106,1.0
255,aude,F,97,97,1.0
256,audrey,F,331,331,1.0
257,auguste,M,218,218,1.0
258,augustin,M,1089,1089,1.0
259,augustine,F,60,60,1.0
260,aurel,M,11,11,1.0
261,aurelia,F,46,46,1.0
262,aurelie,F,105,105,1.0
263,aurelien,M,496,496,1.0
264,auriane,F,94,94,1.0
265,aurore,F,333,333,1.0
266,aurÉlien,M,49,49,1.0
267,aurèle,M,169,169,1.0
268,aurélie,F,54,54,1.0
269,aurélien,M,166,166,1.0
270,auxence,M,6,6,1.0
271,ava,F,538,538,1.0
272,avi,M,23,23,1.0
273,aviel,M,7,7,1.0
274,avital,F,7,7,1.0
275,avril,F,38,38,1.0
276,awa,F,214,214,1.0
277,axel,M,1887,1887,1.0
278,axelle,F,396,396,1.0
279,aya,F,639,639,1.0
280,ayah,F,5,5,1.0
281,aydan,M,23,23,1.0
282,ayden,M,21,21,1.0
283,ayem,F,5,5,1.0
284,aylan,M,51,51,1.0
285,aylin,F,23,23,1.0
286,ayline,F,6,6,1.0
287,ayman,M,92,92,1.0
288,aymane,M,31,31,1.0
289,aymen,M,207,207,1.0
290,aymeric,M,271,271,1.0
291,ayoub,M,451,451,1.0
292,aziliz,F,7,7,1.0
293,aziz,M,13,13,1.0
294,aïcha,F,304,304,1.0
295,aïda,F,50,50,1.0
296,aïdan,M,24,24,1.0
297,aïna,F,5,5,1.0
298,aïsha,F,6,6,1.0
299,aïssa,F,11,11,1.0
300,aïssata,F,97,97,1.0
301,aïssatou,F,117,117,1.0
302,badis,M,26,26,1.0
303,bafode,M,5,5,1.0
304,bahia,F,12,12,1.0
305,bakary,M,84,84,1.0
306,balthazar,M,166,166,1.0
307,baptiste,M,2227,2227,1.0
308,barbara,F,54,54,1.0
309,barnabe,M,37,37,1.0
310,barthelemy,M,18,18,1.0
311,basil,M,5,5,1.0
312,basile,M,548,548,1.0
313,bastian,M,14,14,1.0
314,bastien,M,690,690,1.0
315,batiste,M,5,5,1.0
316,baudouin,M,29,29,1.0
317,baya,F,19,19,1.0
318,beatrice,F,30,30,1.0
319,bella,F,5,5,1.0
320,ben,M,76,76,1.0
321,benedicte,F,15,15,1.0
322,benjamin,M,1460,1460,1.0
323,benoit,M,6,6,1.0
324,benoît,M,162,162,1.0
325,berenice,F,240,240,1.0
326,bertille,F,127,127,1.0
327,beryl,F,6,6,1.0
328,bettina,F,17,17,1.0
329,betty,F,6,6,1.0
330,bianca,F,133,133,1.0
331,bilal,M,308,308,1.0
332,bilel,M,109,109,1.0
333,billie,F,19,19,1.0
334,binta,F,56,56,1.0
335,bintou,F,165,165,1.0
336,blaise,M,12,12,1.0
337,blanche,F,363,363,1.0
338,blandine,F,61,61,1.0
339,blessing,F,6,6,1.0
340,bleuenn,F,17,17,1.0
341,bogdan,M,5,5,1.0
342,bonnie,F,12,12,1.0
343,boris,M,45,45,1.0
344,boubacar,M,89,89,1.0
345,boubou,M,12,12,1.0
346,bouchra,F,6,6,1.0
347,bradley,M,5,5,1.0
348,brahim,M,35,35,1.0
349,brandon,M,21,21,1.0
350,brayan,M,27,27,1.0
351,briac,M,31,31,1.0
352,brian,M,11,11,1.0
353,brice,M,46,46,1.0
354,brieuc,M,60,60,1.0
355,brune,F,140,140,1.0
356,bruno,M,64,64,1.0
357,bryan,M,167,167,1.0
358,bÉrÉnice,F,17,17,1.0
359,calista,F,11,11,1.0
360,calixte,M,92,92,1.0
361,calvin,M,25,25,1.0
362,camelia,F,152,152,1.0
363,cameron,M,61,61,1.0
364,camil,M,49,49,1.0
365,camila,F,30,30,1.0
366,camilia,F,27,27,1.0
367,camille,F,4017,4239,0.9476291578202406
369,camélia,F,48,48,1.0
370,candice,F,418,418,1.0
371,capucine,F,935,935,1.0
372,carine,F,9,9,1.0
373,carl,M,54,54,1.0
374,carla,F,795,795,1.0
375,carlotta,F,8,8,1.0
376,carmen,F,87,87,1.0
377,caroline,F,220,220,1.0
378,cassandra,F,245,245,1.0
379,cassandre,F,260,260,1.0
380,cassie,F,25,25,1.0
381,cassiopee,F,11,11,1.0
382,castille,F,40,40,1.0
383,catherine,F,84,84,1.0
384,cecile,F,158,158,1.0
385,cecilia,F,73,73,1.0
386,cedric,M,101,101,1.0
387,celeste,F,310,310,1.0
388,celestin,M,62,62,1.0
389,celestine,F,52,52,1.0
390,celia,F,435,435,1.0
391,celian,M,57,57,1.0
392,celina,F,21,21,1.0
393,celine,F,263,263,1.0
394,cerise,F,19,19,1.0
395,cesar,M,259,259,1.0
396,chahine,M,27,27,1.0
397,chahinez,F,31,31,1.0
398,chanel,F,6,6,1.0
399,charles,M,942,942,1.0
400,charlie,F,370,471,0.7855626326963907
402,charline,F,317,317,1.0
403,charlize,F,10,10,1.0
404,charlotte,F,2109,2109,1.0
405,charly,M,150,150,1.0
406,charlÈne,F,10,10,1.0
407,charlène,F,31,31,1.0
408,chayma,F,33,33,1.0
409,chaï,M,7,7,1.0
410,chaïma,F,225,225,1.0
411,cheick,M,64,64,1.0
412,cheick-oumar,M,6,6,1.0
413,cheikh,M,28,28,1.0
414,chelsea,F,12,12,1.0
415,chiara,F,556,556,1.0
416,chirine,F,15,15,1.0
417,chloe,F,2147,2147,1.0
418,chloÉ,F,527,527,1.0
419,chloé,F,1256,1256,1.0
420,chris,M,72,72,1.0
421,christ,M,7,7,1.0
422,christelle,F,49,49,1.0
423,christian,M,136,136,1.0
424,christina,F,29,29,1.0
425,christine,F,81,81,1.0
426,christophe,M,106,106,1.0
427,christopher,M,90,90,1.0
428,cindy,F,91,91,1.0
429,claire,F,475,475,1.0
430,clara,F,2748,2748,1.0
431,clarence,M,61,61,1.0
432,clarisse,F,408,408,1.0
433,claudia,F,55,55,1.0
434,clea,F,83,83,1.0
435,clelia,F,67,67,1.0
436,clelie,F,6,6,1.0
437,clemence,F,978,978,1.0
438,clement,M,1287,1287,1.0
439,clementine,F,340,340,1.0
440,cleo,F,125,125,1.0
441,cleophee,F,49,49,1.0
442,cloe,F,87,87,1.0
443,clothilde,F,68,68,1.0
444,clotilde,F,159,159,1.0
445,clovis,M,174,174,1.0
446,cloÉ,F,30,30,1.0
447,cloé,F,123,123,1.0
448,clÉa,F,16,16,1.0
449,clÉmence,F,297,297,1.0
450,clÉment,M,547,547,1.0
451,clÉmentine,F,132,132,1.0
452,cléa,F,65,65,1.0
453,clélia,F,25,25,1.0
454,clémence,F,579,579,1.0
455,clément,M,1224,1224,1.0
456,clémentine,F,159,159,1.0
457,cléo,F,25,25,1.0
458,colette,F,89,89,1.0
459,colin,M,119,119,1.0
460,coline,F,385,385,1.0
461,colombe,F,164,164,1.0
462,constance,F,632,632,1.0
463,constant,M,29,29,1.0
464,constantin,M,134,134,1.0
465,coralie,F,175,175,1.0
466,coraline,F,6,6,1.0
467,corentin,M,810,810,1.0
468,corto,M,13,13,1.0
469,cosima,F,5,5,1.0
470,coumba,F,89,89,1.0
471,curtis,M,33,33,1.0
472,cynthia,F,37,37,1.0
473,cyprien,M,217,217,1.0
474,cyrian,M,6,6,1.0
475,cyriaque,M,6,6,1.0
476,cyrielle,F,42,42,1.0
477,cyril,M,107,107,1.0
478,cyrille,M,7,7,1.0
479,cyrine,F,24,24,1.0
480,cyrus,M,12,12,1.0
481,cÉleste,F,33,33,1.0
482,cÉlia,F,115,115,1.0
483,cÉline,F,7,7,1.0
484,cÔme,M,70,70,1.0
485,cécile,F,56,56,1.0
486,cécilia,F,10,10,1.0
487,céleste,F,38,38,1.0
488,célia,F,485,485,1.0
489,célian,M,67,67,1.0
490,céline,F,14,14,1.0
491,césar,M,11,11,1.0
492,côme,M,570,570,1.0
493,dahlia,F,24,24,1.0
494,dalia,F,40,40,1.0
495,dalla,F,5,5,1.0
496,damian,M,29,29,1.0
497,damien,M,400,400,1.0
498,dan,M,152,152,1.0
499,dana,F,53,53,1.0
500,danae,F,22,22,1.0
501,dani,M,6,6,1.0
502,daniel,M,438,438,1.0
503,daniela,F,20,20,1.0
504,danny,M,7,7,1.0
505,dany,M,48,48,1.0
506,danyl,M,5,5,1.0
507,daouda,M,35,35,1.0
508,daphne,F,341,341,1.0
509,daphnee,F,47,47,1.0
510,daphnÉ,F,33,33,1.0
511,daphné,F,53,53,1.0
512,daria,F,42,42,1.0
513,darine,F,13,13,1.0
514,dario,M,23,23,1.0
515,darius,M,91,91,1.0
516,darren,M,5,5,1.0
517,david,M,954,954,1.0
518,davon,M,6,6,1.0
519,dayane,M,5,5,1.0
520,deborah,F,98,98,1.0
521,delphine,F,69,69,1.0
522,demba,M,38,38,1.0
523,denis,M,35,35,1.0
524,diana,F,117,117,1.0
525,diane,F,688,688,1.0
526,diego,M,537,537,1.0
527,dilan,M,6,6,1.0
528,dimitri,M,278,278,1.0
529,dina,F,175,175,1.0
530,divine,F,37,37,1.0
531,djeneba,F,61,61,1.0
532,djibril,M,252,252,1.0
533,domitille,F,129,129,1.0
534,dora,F,24,24,1.0
535,dorian,M,715,715,1.0
536,doriane,F,26,26,1.0
537,dounia,F,186,186,1.0
538,dov,M,5,5,1.0
539,driss,M,5,5,1.0
540,dune,F,12,12,1.0
541,dylan,M,715,715,1.0
542,dyna,F,5,5,1.0
543,déborah,F,8,8,1.0
544,eddy,M,26,26,1.0
545,eden,F,563,628,0.8964968152866242
547,edgar,M,378,378,1.0
548,edgard,M,6,6,1.0
549,edouard,M,429,429,1.0
550,eduardo,M,8,8,1.0
551,edward,M,5,5,1.0
552,edwin,M,9,9,1.0
553,efe,M,7,7,1.0
554,eglantine,F,56,56,1.0
555,eileen,F,6,6,1.0
556,el,M,41,41,1.0
557,ela,F,46,46,1.0
558,elaïa,F,5,5,1.0
559,elea,F,204,204,1.0
560,eleanor,F,12,12,1.0
561,eleanore,F,6,6,1.0
562,elena,F,500,500,1.0
563,eleonore,F,561,561,1.0
564,eli,M,20,20,1.0
565,elia,F,177,177,1.0
566,eliahou,M,6,6,1.0
567,elian,M,41,41,1.0
568,eliana,F,12,12,1.0
569,eliane,F,6,6,1.0
570,elias,M,854,854,1.0
571,eliaz,M,6,6,1.0
572,elie,M,495,495,1.0
573,eliel,M,14,14,1.0
574,eliette,F,7,7,1.0
575,elif,F,19,19,1.0
576,elijah,M,77,77,1.0
577,elina,F,231,231,1.0
578,eline,F,97,97,1.0
579,elio,M,140,140,1.0
580,elior,M,13,13,1.0
581,eliot,M,463,463,1.0
582,eliott,M,1071,1071,1.0
583,elisa,F,1328,1328,1.0
584,elisabeth,F,163,163,1.0
585,elise,F,1275,1275,1.0
586,elissa,F,51,51,1.0
587,eliza,F,6,6,1.0
588,elizabeth,F,20,20,1.0
589,ella,F,357,357,1.0
590,ellie,F,33,33,1.0
591,elliot,M,338,338,1.0
592,elliott,M,94,94,1.0
593,elly,F,29,29,1.0
594,eloan,M,7,7,1.0
595,eloane,F,38,38,1.0
596,elodie,F,339,339,1.0
597,eloi,M,197,197,1.0
598,elona,F,14,14,1.0
599,elone,M,5,5,1.0
600,elora,F,62,62,1.0
601,elouan,M,373,373,1.0
602,elouann,M,6,6,1.0
603,elouen,M,6,6,1.0
604,eloÏse,F,103,103,1.0
605,eloïse,F,675,675,1.0
606,elsa,F,1090,1090,1.0
607,elvire,F,23,23,1.0
608,elya,F,125,125,1.0
609,elyas,M,102,102,1.0
610,elyes,M,153,153,1.0
611,elyne,F,18,18,1.0
612,elyssa,F,44,44,1.0
613,elyès,M,7,7,1.0
614,elÉa,F,20,20,1.0
615,elÉna,F,13,13,1.0
616,elÉonore,F,12,12,1.0
617,eléa,F,156,156,1.0
618,eléna,F,75,75,1.0
619,eléonore,F,96,96,1.0
620,ema,F,148,148,1.0
621,emeline,F,146,146,1.0
622,emi,F,6,6,1.0
623,emie,F,26,26,1.0
624,emil,M,19,19,1.0
625,emile,M,461,461,1.0
626,emilia,F,68,68,1.0
627,emilie,F,1315,1315,1.0
628,emilien,M,186,186,1.0
629,emilio,M,33,33,1.0
630,emily,F,78,78,1.0
631,emir,M,43,43,1.0
632,emma,F,4570,4570,1.0
633,emmanuel,M,358,358,1.0
634,emmanuelle,F,125,125,1.0
635,emmie,F,28,28,1.0
636,emmy,F,267,267,1.0
637,emna,F,53,53,1.0
638,emy,F,241,241,1.0
639,enes,M,15,15,1.0
640,enguerrand,M,57,57,1.0
641,ennio,M,5,5,1.0
642,enola,F,91,91,1.0
643,enora,F,492,492,1.0
644,enzo,M,3463,3463,1.0
645,ephraïm,M,7,7,1.0
646,eric,M,203,203,1.0
647,erika,F,15,15,1.0
648,erin,F,45,45,1.0
649,erine,F,17,17,1.0
650,ernest,M,90,90,1.0
651,erwan,M,590,590,1.0
652,erwann,M,80,80,1.0
653,esteban,M,887,887,1.0
654,estelle,F,324,324,1.0
655,esther,F,497,497,1.0
656,estÉban,M,22,22,1.0
657,estéban,M,36,36,1.0
658,ethan,M,2180,2180,1.0
659,ethann,M,5,5,1.0
660,ethel,F,108,108,1.0
661,etienne,M,463,463,1.0
662,eugenie,F,266,266,1.0
663,eugÉnie,F,9,9,1.0
664,eugène,M,59,59,1.0
665,eugénie,F,35,35,1.0
666,eulalie,F,79,79,1.0
667,eunice,F,5,5,1.0
668,eurydice,F,12,12,1.0
669,eva,F,2584,2584,1.0
670,evan,M,1238,1238,1.0
671,evann,M,110,110,1.0
672,evans,M,5,5,1.0
673,eve,F,338,338,1.0
674,evy,F,6,6,1.0
675,ewan,M,233,233,1.0
676,ewen,M,534,534,1.0
677,ewenn,M,29,29,1.0
678,eya,F,51,51,1.0
679,eyal,M,93,93,1.0
680,eytan,M,56,56,1.0
681,eythan,M,12,12,1.0
682,ezio,M,29,29,1.0
683,fabien,M,91,91,1.0
684,fabio,M,83,83,1.0
685,fabrice,M,7,7,1.0
686,fadi,M,12,12,1.0
687,fady,M,5,5,1.0
688,fanny,F,425,425,1.0
689,fanta,F,167,167,1.0
690,fantine,F,37,37,1.0
691,farah,F,229,229,1.0
692,fares,M,107,107,1.0
693,farouk,M,5,5,1.0
694,farès,M,96,96,1.0
695,fatim,F,34,34,1.0
696,fatima,F,223,223,1.0
697,fatimata,F,18,18,1.0
698,fatma,F,16,16,1.0
699,fatou,F,127,127,1.0
700,fatouma,F,12,12,1.0
701,fatoumata,F,488,488,1.0
702,faustine,F,705,705,1.0
703,fayçal,M,5,5,1.0
704,federico,M,5,5,1.0
705,felicie,F,67,67,1.0
706,felicien,M,5,5,1.0
707,felix,M,573,573,1.0
708,ferdinand,M,122,122,1.0
709,feriel,F,15,15,1.0
710,feryel,F,5,5,1.0
711,filip,M,46,46,1.0
712,filipe,M,6,6,1.0
713,fiona,F,117,117,1.0
714,firas,M,6,6,1.0
715,flavia,F,7,7,1.0
716,flavie,F,185,185,1.0
717,flavien,M,43,43,1.0
718,flavio,M,43,43,1.0
719,fleur,F,127,127,1.0
720,flora,F,341,341,1.0
721,flore,F,173,173,1.0
722,florence,F,23,23,1.0
723,florent,M,181,181,1.0
724,florentin,M,6,6,1.0
725,florian,M,763,763,1.0
726,floriane,F,30,30,1.0
727,fode,M,17,17,1.0
728,foucauld,M,12,12,1.0
729,francesca,F,24,24,1.0
730,francis,M,6,6,1.0
731,franck,M,80,80,1.0
732,franklin,M,5,5,1.0
733,franÇois,M,27,27,1.0
734,françois,M,287,287,1.0
735,frederic,M,70,70,1.0
736,frida,F,5,5,1.0
737,frédéric,M,5,5,1.0
738,fÉlix,M,89,89,1.0
739,félix,M,109,109,1.0
740,gabin,M,1136,1136,1.0
741,gabriel,M,4304,4304,1.0
742,gabriela,F,76,76,1.0
743,gabriella,F,56,56,1.0
744,gabrielle,F,1044,1044,1.0
745,gad,M,6,6,1.0
746,gaetan,M,52,52,1.0
747,garance,F,596,596,1.0
748,gary,M,26,26,1.0
749,gaspar,M,43,43,1.0
750,gaspard,M,1578,1578,1.0
751,gaston,M,108,108,1.0
752,gauthier,M,222,222,1.0
753,gautier,M,48,48,1.0
754,gaËtan,M,13,13,1.0
755,gaétan,M,12,12,1.0
756,gaël,M,273,273,1.0
757,gaëlle,F,70,70,1.0
758,gaëtan,M,196,196,1.0
759,gaïa,F,65,65,1.0
760,geoffrey,M,13,13,1.0
761,geoffroy,M,10,10,1.0
762,george,M,5,5,1.0
763,georges,M,143,143,1.0
764,georgia,F,5,5,1.0
765,germain,M,20,20,1.0
766,giacomo,M,5,5,1.0
767,gianni,M,63,63,1.0
768,giovanni,M,91,91,1.0
769,giulia,F,217,217,1.0
770,giulian,M,5,5,1.0
771,giulio,M,12,12,1.0
772,gladys,F,6,6,1.0
773,gloria,F,70,70,1.0
774,gonzague,M,8,8,1.0
775,goundo,F,29,29,1.0
776,grace,F,103,103,1.0
777,gregoire,M,367,367,1.0
778,gregory,M,10,10,1.0
779,grÉgoire,M,18,18,1.0
780,grâce,F,47,47,1.0
781,grégoire,M,96,96,1.0
782,grégory,M,37,37,1.0
783,guilhem,M,215,215,1.0
784,guillaume,M,807,807,1.0
785,guillemette,F,15,15,1.0
786,gustave,M,269,269,1.0
787,guy,M,6,6,1.0
788,gwenaëlle,F,11,11,1.0
789,gwendal,M,21,21,1.0
791,gwendoline,M,14,19,0.7368421052631579
792,habib,M,18,18,1.0
793,habiba,F,5,5,1.0
794,haby,F,40,40,1.0
795,hadja,F,5,5,1.0
796,hadriel,M,5,5,1.0
797,hadrien,M,346,346,1.0
798,hafsa,F,25,25,1.0
799,hajar,F,79,79,1.0
800,hakim,M,14,14,1.0
801,halima,F,41,41,1.0
802,hamed,M,16,16,1.0
803,hamidou,M,6,6,1.0
804,hamza,M,349,349,1.0
805,hana,F,132,132,1.0
806,hanae,F,104,104,1.0
807,hanaÉ,F,8,8,1.0
808,hanaé,F,32,32,1.0
809,hania,F,11,11,1.0
810,hanna,F,231,231,1.0
811,hannah,F,219,219,1.0
812,harold,M,18,18,1.0
813,haron,M,13,13,1.0
814,haroun,M,28,28,1.0
815,harouna,M,11,11,1.0
816,haroune,M,5,5,1.0
817,harry,M,66,66,1.0
818,hasna,F,11,11,1.0
819,hassan,M,24,24,1.0
820,hassane,M,5,5,1.0
821,hatem,M,11,11,1.0
822,hatouma,F,5,5,1.0
823,hawa,F,212,212,1.0
824,haya,F,30,30,1.0
825,hayden,M,44,44,1.0
826,haïm,M,7,7,1.0
827,hector,M,355,355,1.0
828,hedi,M,48,48,1.0
829,helena,F,96,96,1.0
830,helie,M,17,17,1.0
831,helios,M,7,7,1.0
832,heloïse,F,703,703,1.0
833,helèna,F,6,6,1.0
834,helène,F,247,247,1.0
835,henri,M,249,249,1.0
836,henry,M,67,67,1.0
837,hermine,F,65,65,1.0
838,hiba,F,33,33,1.0
839,hicham,M,27,27,1.0
840,hichem,M,5,5,1.0
841,hillel,M,23,23,1.0
842,hind,F,42,42,1.0
843,hippolyte,M,368,368,1.0
844,honore,M,9,9,1.0
845,hortense,F,240,240,1.0
846,houda,F,17,17,1.0
847,hubert,M,28,28,1.0
848,hugo,M,3218,3218,1.0
849,hugues,M,46,46,1.0
850,hÉloÏse,F,88,88,1.0
851,hélia,F,5,5,1.0
852,héloïse,F,199,199,1.0
853,hélène,F,24,24,1.0
854,ian,M,55,55,1.0
855,iban,M,35,35,1.0
856,ibrahim,M,533,533,1.0
857,ibrahima,M,173,173,1.0
858,idan,M,6,6,1.0
859,idir,M,16,16,1.0
860,idris,M,37,37,1.0
861,idriss,M,137,137,1.0
862,idrissa,M,27,27,1.0
863,igor,M,16,16,1.0
864,ikram,F,16,16,1.0
865,ilan,M,537,537,1.0
866,ilana,F,78,78,1.0
867,ilann,M,5,5,1.0
868,ilham,F,5,5,1.0
869,ilhan,M,81,81,1.0
870,ilian,M,318,318,1.0
871,iliana,F,25,25,1.0
872,iliane,M,5,5,1.0
873,ilias,M,83,83,1.0
874,ilies,M,52,52,1.0
875,iliès,M,5,5,1.0
876,ilona,F,276,276,1.0
877,ilyan,M,99,99,1.0
878,ilyana,F,57,57,1.0
879,ilyane,M,5,5,1.0
880,ilyas,M,156,156,1.0
881,ilyass,M,6,6,1.0
882,ilyes,M,471,471,1.0
883,ilyess,M,20,20,1.0
884,ilyÈs,M,6,6,1.0
885,ilyès,M,127,127,1.0
886,imad,M,25,25,1.0
887,iman,F,63,63,1.0
888,imane,F,343,343,1.0
889,imanol,M,6,6,1.0
890,imen,F,53,53,1.0
891,imene,F,36,36,1.0
892,imran,M,62,62,1.0
893,imrane,M,48,48,1.0
894,imène,F,52,52,1.0
895,inaya,F,289,289,1.0
896,ines,F,696,696,1.0
897,inna,F,6,6,1.0
898,inza,M,5,5,1.0
899,inÈs,F,434,434,1.0
900,inès,F,3031,3031,1.0
901,inés,F,43,43,1.0
902,inës,F,7,7,1.0
903,irina,F,47,47,1.0
904,iris,F,613,613,1.0
905,irène,F,150,150,1.0
906,isaac,M,487,487,1.0
907,isabella,F,7,7,1.0
908,isabelle,F,122,122,1.0
909,isadora,F,5,5,1.0
910,isaure,F,221,221,1.0
911,isee,F,6,6,1.0
912,iseult,F,6,6,1.0
913,ishaq,M,6,6,1.0
914,isidore,M,14,14,1.0
915,isis,F,49,49,1.0
916,islam,M,8,8,1.0
917,ismael,M,92,92,1.0
918,ismail,M,6,6,1.0
919,ismaËl,M,19,19,1.0
920,ismaël,M,565,565,1.0
921,ismaïl,M,90,90,1.0
922,isra,F,33,33,1.0
923,israël,M,8,8,1.0
924,issa,M,196,196,1.0
925,issam,M,87,87,1.0
926,issiaka,M,5,5,1.0
927,ivan,M,137,137,1.0
928,iwan,M,5,5,1.0
929,iyad,M,43,43,1.0
930,iyed,M,43,43,1.0
931,izia,F,45,45,1.0
932,jack,M,47,47,1.0
933,jacob,M,29,29,1.0
934,jacqueline,F,5,5,1.0
935,jacques,M,184,184,1.0
936,jad,M,102,102,1.0
937,jade,F,2770,2770,1.0
938,jaden,M,29,29,1.0
939,jalil,M,26,26,1.0
940,james,M,155,155,1.0
941,jan,M,14,14,1.0
942,jana,F,80,80,1.0
943,jane,F,20,20,1.0
944,janelle,F,7,7,1.0
945,janna,F,64,64,1.0
946,jarod,M,22,22,1.0
947,jasmine,F,249,249,1.0
948,jason,M,148,148,1.0
949,jassem,M,5,5,1.0
950,jawad,M,38,38,1.0
951,jawed,M,5,5,1.0
952,jayden,M,25,25,1.0
953,jayson,M,20,20,1.0
954,jean,M,964,964,1.0
955,jean-baptiste,M,192,192,1.0
956,jean-marc,M,7,7,1.0
957,jeanne,F,2584,2584,1.0
958,jehanne,F,5,5,1.0
959,jenna,F,85,85,1.0
960,jennifer,F,31,31,1.0
961,jenny,F,13,13,1.0
962,jeremie,M,151,151,1.0
963,jeremy,M,272,272,1.0
964,jerôme,M,41,41,1.0
965,jessica,F,231,231,1.0
966,jessie,F,6,6,1.0
967,jibril,M,44,44,1.0
968,jihane,F,13,13,1.0
969,jim,M,9,9,1.0
970,jimmy,M,55,55,1.0
971,jinane,F,5,5,1.0
972,joachim,M,261,261,1.0
973,joakim,M,14,14,1.0
974,joan,M,96,96,1.0
975,joana,F,86,86,1.0
976,joanna,F,15,15,1.0
977,joanne,F,11,11,1.0
978,joaquim,M,46,46,1.0
979,joe,M,11,11,1.0
980,joey,M,39,39,1.0
981,johan,M,297,297,1.0
982,johann,M,51,51,1.0
983,johanna,F,82,82,1.0
984,john,M,68,68,1.0
985,johnny,M,6,6,1.0
986,jonah,M,18,18,1.0
987,jonas,M,192,192,1.0
988,jonathan,M,334,334,1.0
989,jordan,M,251,251,1.0
990,joris,M,106,106,1.0
991,joseph,M,1058,1058,1.0
992,josephine,F,649,649,1.0
993,josh,M,24,24,1.0
994,joshua,M,407,407,1.0
995,josue,M,31,31,1.0
996,josÉphine,F,69,69,1.0
997,joséphine,F,69,69,1.0
998,joy,F,24,24,1.0
999,joyce,F,57,57,1.0
1000,joël,M,46,46,1.0
1001,joëlle,F,6,6,1.0
1002,juan,M,11,11,1.0
1003,jude,M,22,22,1.0
1004,judith,F,213,213,1.0
1005,jules,M,3374,3374,1.0
1006,julia,F,1209,1209,1.0
1007,julian,M,347,347,1.0
1008,juliana,F,12,12,1.0
1009,juliann,M,5,5,1.0
1010,julianne,F,6,6,1.0
1011,julie,F,1630,1630,1.0
1012,julien,M,1433,1433,1.0
1013,juliette,F,2595,2595,1.0
1014,juline,F,6,6,1.0
1015,june,F,46,46,1.0
1016,junior,M,5,5,1.0
1017,junon,F,12,12,1.0
1018,justin,M,224,224,1.0
1019,justine,F,1077,1077,1.0
1020,jÉrÉmy,M,55,55,1.0
1021,jérémie,M,24,24,1.0
1022,jérémy,M,130,130,1.0
1023,kacper,M,6,6,1.0
1024,kadiatou,F,77,77,1.0
1025,kadidia,F,12,12,1.0
1026,kadidiatou,F,31,31,1.0
1027,kady,F,22,22,1.0
1028,kahina,F,48,48,1.0
1029,kamel,M,7,7,1.0
1030,kamelia,F,5,5,1.0
1031,kamil,M,81,81,1.0
1032,kamila,F,8,8,1.0
1033,karamba,M,7,7,1.0
1034,karamoko,M,6,6,1.0
1035,karen,F,6,6,1.0
1036,karim,M,173,173,1.0
1037,karine,F,29,29,1.0
1038,karl,M,116,116,1.0
1039,karla,F,6,6,1.0
1040,karolina,F,13,13,1.0
1041,kassim,M,6,6,1.0
1042,kate,F,6,6,1.0
1043,katell,F,27,27,1.0
1044,kathleen,F,6,6,1.0
1045,katia,F,51,51,1.0
1046,kawtar,F,16,16,1.0
1047,kayla,F,12,12,1.0
1048,kayliah,F,6,6,1.0
1049,kayna,F,13,13,1.0
1050,kays,M,6,6,1.0
1051,kaÏs,M,26,26,1.0
1052,kaïna,F,12,12,1.0
1053,kaïs,M,270,270,1.0
1054,keira,F,5,5,1.0
1055,kelly,F,212,212,1.0
1056,kelvin,M,6,6,1.0
1057,kelya,F,5,5,1.0
1058,kelyan,M,57,57,1.0
1059,kenan,M,11,11,1.0
1060,kenny,M,66,66,1.0
1061,kentin,M,6,6,1.0
1062,kenza,F,465,465,1.0
1063,kenzi,M,25,25,1.0
1064,kenzo,M,299,299,1.0
1065,kenzy,M,17,17,1.0
1066,kerem,M,6,6,1.0
1067,keren,F,72,72,1.0
1068,ketsia,F,14,14,1.0
1069,kevin,M,562,562,1.0
1070,keyla,F,5,5,1.0
1071,khadidiatou,F,5,5,1.0
1072,khadidja,F,39,39,1.0
1073,khadija,F,121,121,1.0
1074,khady,F,12,12,1.0
1075,khalil,M,61,61,1.0
1076,kheira,F,11,11,1.0
1077,kiara,F,116,116,1.0
1078,kilian,M,241,241,1.0
1079,killian,M,356,356,1.0
1080,kilyan,M,18,18,1.0
1081,kim,F,102,102,1.0
1082,klara,F,28,28,1.0
1083,klervi,F,7,7,1.0
1084,kyle,M,14,14,1.0
1085,kylian,M,721,721,1.0
1086,kyliann,M,6,6,1.0
1087,kyllian,M,138,138,1.0
1088,kÉvin,M,55,55,1.0
1089,kélia,F,15,15,1.0
1090,kélian,M,5,5,1.0
1091,kélya,F,11,11,1.0
1092,kévin,M,73,73,1.0
1093,ladji,M,14,14,1.0
1094,laetitia,F,161,161,1.0
1095,lahna,F,46,46,1.0
1096,lalie,F,72,72,1.0
1097,laly,F,44,44,1.0
1098,lamia,F,19,19,1.0
1099,lamine,M,88,88,1.0
1100,lana,F,526,526,1.0
1101,lancelot,M,40,40,1.0
1102,lara,F,220,220,1.0
1103,lassana,M,100,100,1.0
1104,laszlo,M,8,8,1.0
1105,latifa,F,6,6,1.0
1106,laura,F,1384,1384,1.0
1107,laure,F,212,212,1.0
1108,lauren,F,46,46,1.0
1109,laurent,M,98,98,1.0
1110,lauriane,F,25,25,1.0
1111,laurie,F,22,22,1.0
1112,laurine,F,140,140,1.0
1113,lauryn,F,6,6,1.0
1114,lauryne,F,20,20,1.0
1115,laurène,F,20,20,1.0
1116,layana,F,5,5,1.0
1117,lazar,M,7,7,1.0
1118,lazare,M,53,53,1.0
1119,laëtitia,F,62,62,1.0
1120,lea,F,1631,1631,1.0
1121,leana,F,87,87,1.0
1122,leandre,M,140,140,1.0
1123,leandro,M,42,42,1.0
1124,leane,F,187,187,1.0
1125,leanne,F,6,6,1.0
1126,leelou,F,19,19,1.0
1127,lehna,F,15,15,1.0
1128,leila,F,13,13,1.0
1129,lena,F,849,849,1.0
1130,leni,F,15,15,1.0
1131,lenny,M,738,738,1.0
1132,leny,M,76,76,1.0
1133,lenzo,M,6,6,1.0
1134,leo,M,1196,1196,1.0
1135,leo-paul,M,20,20,1.0
1136,leon,M,394,394,1.0
1137,leonard,M,405,405,1.0
1138,leonardo,M,56,56,1.0
1139,leonie,F,407,407,1.0
1140,leonor,F,16,16,1.0
1141,leonore,F,113,113,1.0
1142,leontine,F,5,5,1.0
1143,leopold,M,261,261,1.0
1144,leopoldine,F,61,61,1.0
1145,leslie,F,23,23,1.0
1146,leticia,F,5,5,1.0
1147,levana,F,24,24,1.0
1148,levi,M,16,16,1.0
1149,leyla,F,11,11,1.0
1150,leyna,F,41,41,1.0
1151,leÏla,F,34,34,1.0
1152,leïa,F,6,6,1.0
1153,leïla,F,165,165,1.0
1154,leïna,F,20,20,1.0
1155,lia,F,88,88,1.0
1156,liam,M,860,860,1.0
1157,liana,F,19,19,1.0
1158,lila,F,631,631,1.0
1159,lilas,F,124,124,1.0
1160,lili,F,321,321,1.0
1161,lili-rose,F,17,17,1.0
1162,lilia,F,411,411,1.0
1163,lilian,M,571,571,1.0
1164,liliana,F,8,8,1.0
1165,liliane,F,17,17,1.0
1166,lilie,F,42,42,1.0
1167,lilly,F,109,109,1.0
1168,lilou,F,1310,1310,1.0
1169,liloue,F,7,7,1.0
1170,lilwenn,F,34,34,1.0
1171,lily,F,824,824,1.0
1172,lily-rose,F,106,106,1.0
1173,lilya,F,109,109,1.0
1174,lina,F,1991,1991,1.0
1175,linda,F,98,98,1.0
1176,lindsay,F,66,66,1.0
1177,line,F,95,95,1.0
1178,lino,M,201,201,1.0
1179,linoy,F,5,5,1.0
1180,linoï,F,23,23,1.0
1181,lior,M,92,92,1.0
1182,liora,F,83,83,1.0
1183,lirone,M,16,16,1.0
1184,lisa,F,1852,1852,1.0
1185,lisandro,M,17,17,1.0
1186,lise,F,684,684,1.0
1187,lison,F,323,323,1.0
1188,lital,F,7,7,1.0
1189,liv,F,101,101,1.0
1190,livia,F,126,126,1.0
1191,livio,M,11,11,1.0
1192,liya,F,25,25,1.0
1193,liyah,F,5,5,1.0
1194,liz,F,12,12,1.0
1195,liza,F,38,38,1.0
1196,lizéa,F,5,5,1.0
1198,loan,M,263,276,0.9528985507246377
1199,loane,F,262,262,1.0
1200,loann,M,12,12,1.0
1201,logan,M,80,80,1.0
1202,lohan,M,64,64,1.0
1203,lola,F,2066,2066,1.0
1204,lorena,F,6,6,1.0
1205,lorenzo,M,637,637,1.0
1206,loris,M,217,217,1.0
1207,lorraine,F,15,15,1.0
1208,lou,F,1888,1893,0.9973586899101955
1210,lou-ann,F,226,226,1.0
1211,lou-anne,F,172,172,1.0
1212,louan,M,5,5,1.0
1213,louane,F,488,488,1.0
1214,louann,F,71,71,1.0
1215,louanne,F,50,50,1.0
1216,louay,M,7,7,1.0
1217,loubna,F,29,29,1.0
1218,louca,M,27,27,1.0
1219,louis,M,4117,4117,1.0
1220,louis-marie,F,6,6,1.0
1221,louisa,F,306,306,1.0
1222,louise,F,4076,4076,1.0
1223,louison,F,230,254,0.905511811023622
1225,louka,M,281,281,1.0
1226,loula,F,6,6,1.0
1227,louna,F,855,855,1.0
1228,lounis,M,11,11,1.0
1229,loup,M,26,26,1.0
1230,loÏs,M,8,8,1.0
1231,loïc,M,458,458,1.0
1232,loïck,M,5,5,1.0
1234,loïs,M,148,164,0.9024390243902439
1235,loïse,F,11,11,1.0
1236,lubin,M,84,84,1.0
1237,luc,M,280,280,1.0
1238,luca,M,518,518,1.0
1239,lucas,M,3979,3979,1.0
1240,luce,F,98,98,1.0
1241,lucia,F,97,97,1.0
1242,lucie,F,2356,2356,1.0
1243,lucien,M,563,563,1.0
1244,lucile,F,529,529,1.0
1245,lucille,F,104,104,1.0
1246,lucy,F,92,92,1.0
1247,ludivine,F,238,238,1.0
1248,ludmila,F,28,28,1.0
1249,ludovic,M,99,99,1.0
1250,luigi,M,11,11,1.0
1251,luis,M,29,29,1.0
1252,luisa,F,13,13,1.0
1253,luka,M,309,309,1.0
1254,lukas,M,206,206,1.0
1255,luke,M,17,17,1.0
1256,lula,F,6,6,1.0
1257,luna,F,880,880,1.0
1258,luz,F,13,13,1.0
1259,lya,F,114,114,1.0
1260,lyam,M,48,48,1.0
1261,lyana,F,17,17,1.0
1262,lydia,F,116,116,1.0
1263,lyes,M,37,37,1.0
1264,lyla,F,7,7,1.0
1265,lylia,F,56,56,1.0
1266,lylou,F,81,81,1.0
1267,lyna,F,365,365,1.0
1268,lyne,F,13,13,1.0
1269,lynn,F,13,13,1.0
1270,lÉa,F,567,567,1.0
1271,lÉana,F,30,30,1.0
1272,lÉandre,M,28,28,1.0
1273,lÉane,F,57,57,1.0
1274,lÉna,F,249,249,1.0
1275,lÉo,M,478,478,1.0
1276,lÉon,M,55,55,1.0
1277,lÉonard,M,24,24,1.0
1278,lÉonie,F,221,221,1.0
1279,lÉopold,M,20,20,1.0
1280,léa,F,1188,1188,1.0
1281,léana,F,106,106,1.0
1282,léandre,M,43,43,1.0
1283,léandro,M,16,16,1.0
1284,léane,F,198,198,1.0
1285,léia,F,5,5,1.0
1286,léna,F,635,635,1.0
1287,léni,M,12,12,1.0
1288,lény,M,7,7,1.0
1289,léo,M,1029,1029,1.0
1290,léon,M,178,178,1.0
1291,léonard,M,43,43,1.0
1292,léonie,F,314,314,1.0
1293,léonore,F,6,6,1.0
1294,léopold,M,23,23,1.0
1295,maayane,F,6,6,1.0
1296,maceo,M,80,80,1.0
1297,macÉo,M,6,6,1.0
1298,macéo,M,11,11,1.0
1299,madeleine,F,397,397,1.0
1300,madina,F,12,12,1.0
1301,mady,F,6,6,1.0
1302,mae,F,109,109,1.0
1303,mael,M,136,136,1.0
1304,maelle,F,23,23,1.0
1305,maelys,F,99,99,1.0
1306,maeva,F,271,271,1.0
1307,magdalena,F,15,15,1.0
1308,mahamadou,M,119,119,1.0
1309,mahault,F,56,56,1.0
1310,mahaut,F,125,125,1.0
1311,mahdi,M,22,22,1.0
1312,mahe,M,101,101,1.0
1313,mahmoud,M,14,14,1.0
1314,mahÉ,M,6,6,1.0
1315,mahé,M,31,31,1.0
1316,mai,F,8,8,1.0
1317,maia,F,10,10,1.0
1318,makan,M,9,9,1.0
1319,maksim,M,6,6,1.0
1320,malak,F,109,109,1.0
1321,malcolm,M,17,17,1.0
1322,malek,F,55,55,1.0
1323,malia,F,40,40,1.0
1324,malick,M,36,36,1.0
1325,malik,M,168,168,1.0
1326,malika,F,8,8,1.0
1327,malo,M,808,808,1.0
1328,malone,M,31,31,1.0
1329,malorie,F,5,5,1.0
1330,malou,F,7,7,1.0
1331,mamadou,M,329,329,1.0
1332,mamoudou,M,16,16,1.0
1333,manal,F,7,7,1.0
1334,manar,M,6,6,1.0
1335,manel,F,372,372,1.0
1336,manelle,F,56,56,1.0
1337,manil,M,5,5,1.0
1338,manon,F,3349,3349,1.0
1339,manuel,M,21,21,1.0
1340,manuela,F,21,21,1.0
1341,mara,F,5,5,1.0
1342,marc,M,357,357,1.0
1343,marc-antoine,M,22,22,1.0
1344,marceau,M,218,218,1.0
1345,marcel,M,87,87,1.0
1346,marco,M,118,118,1.0
1347,marcus,M,118,118,1.0
1348,margaux,F,1347,1347,1.0
1349,margo,F,8,8,1.0
1350,margot,F,1328,1328,1.0
1351,marguerite,F,216,216,1.0
1352,maria,F,302,302,1.0
1353,mariam,F,380,380,1.0
1354,mariama,F,113,113,1.0
1355,mariame,F,77,77,1.0
1356,marianne,F,146,146,1.0
1357,marie,F,2199,2199,1.0
1358,marie-ange,F,5,5,1.0
1359,marie-lou,F,49,49,1.0
1360,mariem,F,5,5,1.0
1361,marilou,F,200,200,1.0
1362,marin,M,336,336,1.0
1363,marina,F,185,185,1.0
1364,marine,F,703,703,1.0
1365,mario,M,26,26,1.0
1366,marion,F,856,856,1.0
1367,marius,M,913,913,1.0
1368,marjane,F,20,20,1.0
1369,marjorie,F,6,6,1.0
1370,mark,M,6,6,1.0
1371,marko,M,45,45,1.0
1372,marley,M,43,43,1.0
1373,marlon,M,25,25,1.0
1374,marnie,F,6,6,1.0
1375,marouane,M,27,27,1.0
1376,martha,F,5,5,1.0
1377,marthe,F,60,60,1.0
1378,martin,M,1868,1868,1.0
1379,marvin,M,102,102,1.0
1380,marwa,F,219,219,1.0
1381,marwan,M,199,199,1.0
1382,marwane,M,80,80,1.0
1383,marwen,F,7,7,1.0
1384,maryam,F,203,203,1.0
1385,marylou,F,67,67,1.0
1386,massinissa,M,7,7,1.0
1387,mateja,M,12,12,1.0
1388,mateo,M,281,281,1.0
1389,matheo,M,378,378,1.0
1390,mathias,M,736,736,1.0
1391,mathieu,M,1144,1144,1.0
1392,mathilda,F,46,46,1.0
1393,mathilde,F,2282,2282,1.0
1394,mathis,M,2633,2633,1.0
1395,mathurin,M,61,61,1.0
1396,mathys,M,703,703,1.0
1397,mathÉo,M,328,328,1.0
1398,mathéo,M,565,565,1.0
1399,matias,M,73,73,1.0
1400,matilda,F,13,13,1.0
1401,matilde,F,7,7,1.0
1402,matis,M,207,207,1.0
1403,matisse,M,95,95,1.0
1404,matt,M,26,26,1.0
1405,matteo,M,733,733,1.0
1406,mattheo,M,6,6,1.0
1407,matthew,M,34,34,1.0
1408,matthias,M,241,241,1.0
1409,matthieu,M,893,893,1.0
1410,matthis,M,11,11,1.0
1411,matthéo,M,5,5,1.0
1412,mattia,M,13,13,1.0
1413,mattis,M,9,9,1.0
1414,mattÉo,M,153,153,1.0
1415,mattéo,M,396,396,1.0
1416,matys,M,50,50,1.0
1417,matÉo,M,89,89,1.0
1418,matéo,M,283,283,1.0
1419,maud,F,224,224,1.0
1420,maude,F,9,9,1.0
1421,maureen,F,14,14,1.0
1422,max,M,432,432,1.0
1423,maxance,M,5,5,1.0
1424,maxence,M,1602,1602,1.0
1425,maxens,M,5,5,1.0
1426,maxim,M,101,101,1.0
1427,maxime,M,3428,3428,1.0
1428,maximilian,M,7,7,1.0
1429,maximilien,M,242,242,1.0
1430,maxine,F,51,51,1.0
1431,may,F,23,23,1.0
1432,maya,F,864,864,1.0
1433,mayane,F,7,7,1.0
1434,mayar,F,5,5,1.0
1435,mayeul,M,90,90,1.0
1436,mayline,F,7,7,1.0
1437,maylis,F,202,202,1.0
1438,mayron,M,6,6,1.0
1439,mayssa,F,102,102,1.0
1440,maÉ,M,9,9,1.0
1441,maÉva,F,7,7,1.0
1442,maËl,M,324,324,1.0
1443,maËlie,F,12,12,1.0
1444,maËlle,F,168,168,1.0
1445,maËlys,F,240,240,1.0
1446,maËva,F,125,125,1.0
1447,maÏa,F,27,27,1.0
1448,maÏlys,F,31,31,1.0
1449,maÏna,F,6,6,1.0
1450,maÏwenn,F,56,56,1.0
1451,maé,F,39,53,0.7358490566037735
1453,maélie,F,6,6,1.0
1454,maélis,F,6,6,1.0
1455,maéva,F,80,80,1.0
1456,maël,M,1119,1119,1.0
1457,maëlia,F,5,5,1.0
1458,maëlie,F,54,54,1.0
1459,maëline,F,30,30,1.0
1460,maëlis,F,25,25,1.0
1461,maëlle,F,591,591,1.0
1462,maëly,F,14,14,1.0
1463,maëlya,F,5,5,1.0
1464,maëlyne,F,12,12,1.0
1465,maëlys,F,914,914,1.0
1466,maëva,F,237,237,1.0
1467,maï,F,5,5,1.0
1468,maïa,F,359,359,1.0
1469,maïly,F,18,18,1.0
1470,maïlys,F,231,231,1.0
1471,maïmouna,F,144,144,1.0
1472,maïna,F,10,10,1.0
1473,maïssa,F,321,321,1.0
1474,maïssane,F,48,48,1.0
1475,maïwenn,F,152,152,1.0
1476,mehdi,M,679,679,1.0
1477,mehmet,M,7,7,1.0
1478,melanie,F,163,163,1.0
1479,melchior,M,78,78,1.0
1480,melia,F,19,19,1.0
1481,melina,F,284,284,1.0
1482,melinda,F,6,6,1.0
1483,meline,F,107,107,1.0
1484,melissa,F,555,555,1.0
1485,mellina,F,56,56,1.0
1486,melodie,F,62,62,1.0
1487,melody,F,27,27,1.0
1488,melusine,F,5,5,1.0
1489,melvil,M,93,93,1.0
1490,melvin,M,172,172,1.0
1491,melvyn,M,64,64,1.0
1492,menahem,M,18,18,1.0
1493,mendel,M,21,21,1.0
1494,meriem,F,63,63,1.0
1495,merlin,M,126,126,1.0
1496,merwan,M,7,7,1.0
1497,meryam,F,18,18,1.0
1498,meryem,F,21,21,1.0
1499,meryl,F,9,9,1.0
1500,meïssa,F,19,19,1.0
1501,mia,F,276,276,1.0
1502,michael,M,36,36,1.0
1503,michaël,M,36,36,1.0
1504,michel,M,99,99,1.0
1505,michelle,F,27,27,1.0
1506,mickael,M,29,29,1.0
1507,mickaËl,M,12,12,1.0
1508,mickaël,M,155,155,1.0
1509,miguel,M,34,34,1.0
1510,mika,M,12,12,1.0
1511,mikail,M,14,14,1.0
1512,mikaïl,M,5,5,1.0
1513,mike,M,7,7,1.0
1514,mila,F,735,735,1.0
1515,milan,M,354,354,1.0
1516,milena,F,49,49,1.0
1517,milhan,M,16,16,1.0
1518,milla,F,74,74,1.0
1519,milo,M,516,516,1.0
1520,mina,F,198,198,1.0
1521,minh,M,14,14,1.0
1522,mira,F,5,5,1.0
1523,miya,F,11,11,1.0
1524,moche,M,5,5,1.0
1525,modibo,M,6,6,1.0
1526,mody,M,14,14,1.0
1527,mohamed,M,2095,2095,1.0
1528,mohamed-ali,M,13,13,1.0
1529,mohamed-amine,M,146,146,1.0
1530,mohammad,M,6,6,1.0
1531,mohammed,M,194,194,1.0
1532,mona,F,184,184,1.0
1533,monica,F,10,10,1.0
1534,morgan,M,202,202,1.0
1535,morgane,F,612,612,1.0
1536,mory,M,6,6,1.0
1537,mouctar,M,5,5,1.0
1538,mouhamadou,M,5,5,1.0
1539,mouhamed,M,71,71,1.0
1540,mounir,M,6,6,1.0
1541,moussa,M,299,299,1.0
1542,moustafa,M,7,7,1.0
1543,moustapha,M,81,81,1.0
1544,moïra,F,13,13,1.0
1545,moïse,M,22,22,1.0
1546,muhammad,M,6,6,1.0
1547,muhammed,M,5,5,1.0
1548,mustafa,M,6,6,1.0
1549,mustapha,M,6,6,1.0
1550,mya,F,38,38,1.0
1551,myriam,F,554,554,1.0
1552,myrtille,F,14,14,1.0
1553,mÉlanie,F,33,33,1.0
1554,mÉlina,F,68,68,1.0
1555,mÉline,F,64,64,1.0
1556,mÉlissa,F,143,143,1.0
1557,mélanie,F,79,79,1.0
1558,mélia,F,10,10,1.0
1559,mélina,F,187,187,1.0
1560,mélinda,F,12,12,1.0
1561,méline,F,102,102,1.0
1562,mélissa,F,273,273,1.0
1563,mélodie,F,11,11,1.0
1564,nabil,M,87,87,1.0
1565,nada,F,72,72,1.0
1566,nadia,F,73,73,1.0
1567,nadine,F,18,18,1.0
1568,nadir,M,79,79,1.0
1569,nael,M,177,177,1.0
1570,nahel,M,88,88,1.0
1571,nahil,M,52,52,1.0
1572,nahla,F,8,8,1.0
1573,nala,F,5,5,1.0
1574,naomi,F,283,283,1.0
1575,naomie,F,150,150,1.0
1576,nassim,M,368,368,1.0
1577,natacha,F,59,59,1.0
1578,natalia,F,47,47,1.0
1579,natan,M,16,16,1.0
1580,natasha,F,6,6,1.0
1581,nathalie,F,73,73,1.0
1582,nathan,M,3418,3418,1.0
1583,nathanael,M,9,9,1.0
1584,nathanaËl,M,24,24,1.0
1585,nathanaël,M,283,283,1.0
1586,nathaniel,M,38,38,1.0
1587,nathaËl,M,8,8,1.0
1588,nathaël,M,17,17,1.0
1589,nawal,F,7,7,1.0
1590,nawel,F,138,138,1.0
1591,nawfel,M,11,11,1.0
1592,naya,F,29,29,1.0
1593,nayel,M,6,6,1.0
1594,nayla,F,71,71,1.0
1595,nazim,M,7,7,1.0
1596,naËl,M,49,49,1.0
1597,naÏm,M,6,6,1.0
1598,naël,M,475,475,1.0
1599,naëlle,F,71,71,1.0
1600,naïa,F,12,12,1.0
1601,naïl,M,22,22,1.0
1602,naïla,F,99,99,1.0
1603,naïm,M,165,165,1.0
1604,naïma,F,12,12,1.0
1605,naïs,F,39,39,1.0
1606,neela,F,6,6,1.0
1607,neil,M,100,100,1.0
1608,nelia,F,41,41,1.0
1609,nell,F,108,108,1.0
1610,nelly,F,60,60,1.0
1611,nelson,M,88,88,1.0
1612,nelya,F,17,17,1.0
1613,nene,F,7,7,1.0
1614,neo,M,6,6,1.0
1615,nermine,F,6,6,1.0
1616,nesrine,F,142,142,1.0
1617,neyla,F,43,43,1.0
1618,neïla,F,66,66,1.0
1619,niame,F,5,5,1.0
1620,nicolas,M,1403,1403,1.0
1621,nicole,F,64,64,1.0
1622,niels,M,122,122,1.0
1623,nikita,M,50,50,1.0
1624,nikola,M,76,76,1.0
1625,nil,M,32,32,1.0
1626,nils,M,316,316,1.0
1627,nina,F,1616,1616,1.0
1628,nine,F,79,79,1.0
1629,nino,M,583,583,1.0
1630,ninon,F,482,482,1.0
1631,niouma,F,24,24,1.0
1632,nisa,F,6,6,1.0
1633,nizar,M,40,40,1.0
1634,noa,F,779,1432,0.5439944134078212
1636,noah,M,2079,2079,1.0
1637,noam,M,747,747,1.0
1638,noan,M,8,8,1.0
1639,noe,M,833,833,1.0
1640,noelie,F,29,29,1.0
1641,noemie,F,708,708,1.0
1642,noha,M,5,5,1.0
1643,noham,M,250,250,1.0
1644,nohan,M,14,14,1.0
1645,nola,F,24,24,1.0
1646,nolan,M,974,974,1.0
1647,nolann,M,150,150,1.0
1648,nolhan,M,115,115,1.0
1649,nolwenn,F,45,45,1.0
1650,noor,F,63,63,1.0
1651,nora,F,359,359,1.0
1652,norah,F,235,235,1.0
1653,nouha,M,12,12,1.0
1654,nour,F,543,543,1.0
1655,noura,F,20,20,1.0
1656,nourane,F,9,9,1.0
1657,noÉ,M,280,280,1.0
1658,noÉmie,F,195,195,1.0
1659,noËmie,F,6,6,1.0
1660,noâm,M,5,5,1.0
1661,noé,M,426,426,1.0
1662,noélie,F,51,51,1.0
1663,noémie,F,461,461,1.0
1664,nélia,F,9,9,1.0
1665,oceane,F,506,506,1.0
1666,octave,M,311,311,1.0
1667,ocÉane,F,225,225,1.0
1668,océane,F,500,500,1.0
1669,odelia,F,19,19,1.0
1670,olga,F,52,52,1.0
1671,oliver,M,12,12,1.0
1672,olivia,F,731,731,1.0
1673,olivier,M,257,257,1.0
1674,oliwia,F,5,5,1.0
1675,olympe,F,96,96,1.0
1676,olympia,F,6,6,1.0
1677,omar,M,223,223,1.0
1678,ombeline,F,86,86,1.0
1679,ondine,F,21,21,1.0
1680,ophelie,F,41,41,1.0
1681,ophÉlie,F,8,8,1.0
1682,ophélie,F,20,20,1.0
1683,orane,F,6,6,1.0
1684,oren,M,46,46,1.0
1685,oriane,F,197,197,1.0
1686,orlane,F,89,89,1.0
1687,ornella,F,110,110,1.0
1688,oscar,M,1395,1395,1.0
1689,oskar,M,8,8,1.0
1690,otto,M,6,6,1.0
1691,oumar,M,113,113,1.0
1692,oumou,F,145,145,1.0
1693,ousmane,M,150,150,1.0
1694,oussama,M,12,12,1.0
1695,owen,M,288,288,1.0
1696,pablo,M,569,569,1.0
1697,paco,M,30,30,1.0
1698,pacÔme,M,32,32,1.0
1699,pacôme,M,55,55,1.0
1700,paloma,F,373,373,1.0
1701,paola,F,187,187,1.0
1702,paolo,M,160,160,1.0
1703,pascal,M,23,23,1.0
1704,patricia,F,20,20,1.0
1705,patrick,M,58,58,1.0
1706,paul,M,3860,3860,1.0
1707,paul-antoine,M,7,7,1.0
1708,paul-arthur,M,5,5,1.0
1709,paula,F,33,33,1.0
1710,paulin,M,15,15,1.0
1711,pauline,F,1756,1756,1.0
1712,pedro,M,7,7,1.0
1713,penda,F,8,8,1.0
1714,penelope,F,210,210,1.0
1715,perla,F,18,18,1.0
1716,perle,F,6,6,1.0
1717,perrine,F,122,122,1.0
1718,peter,M,5,5,1.0
1719,petronille,F,6,6,1.0
1720,pharell,M,7,7,1.0
1721,phileas,M,14,14,1.0
1722,philemon,M,30,30,1.0
1723,philippe,M,149,149,1.0
1724,philippine,F,206,206,1.0
1725,philomÈne,F,6,6,1.0
1726,philomène,F,104,104,1.0
1727,pia,F,116,116,1.0
1728,pierre,M,1706,1706,1.0
1729,pierre-alexandre,M,6,6,1.0
1730,pierre-antoine,M,21,21,1.0
1731,pierre-louis,M,80,80,1.0
1732,pol,M,11,11,1.0
1733,preston,M,7,7,1.0
1734,prince,M,12,12,1.0
1735,prisca,F,18,18,1.0
1736,priscille,F,40,40,1.0
1737,prosper,M,5,5,1.0
1738,prudence,F,5,5,1.0
1739,prune,F,187,187,1.0
1740,pÉnÉlope,F,6,6,1.0
1741,pénélope,F,26,26,1.0
1742,quentin,M,1897,1897,1.0
1743,quitterie,F,58,58,1.0
1744,rachel,F,289,289,1.0
1745,rafael,M,376,376,1.0
1746,rafaËl,M,16,16,1.0
1747,rafaël,M,272,272,1.0
1748,rahma,F,70,70,1.0
1749,ramata,F,13,13,1.0
1750,rami,M,41,41,1.0
1751,ramy,M,14,14,1.0
1752,rania,F,290,290,1.0
1753,ranim,F,5,5,1.0
1754,ranya,F,38,38,1.0
1755,raoul,M,20,20,1.0
1756,raphael,M,183,183,1.0
1757,raphaËl,M,338,338,1.0
1758,raphaël,M,3673,3673,1.0
1759,raphaëlle,F,249,249,1.0
1760,rawane,F,6,6,1.0
1761,rayan,M,1808,1808,1.0
1762,rayane,M,524,524,1.0
1763,rayen,M,10,10,1.0
1764,rebecca,F,220,220,1.0
1765,reda,M,42,42,1.0
1766,remi,M,248,248,1.0
1767,remy,M,75,75,1.0
1768,riad,M,7,7,1.0
1769,ricardo,M,6,6,1.0
1770,richard,M,50,50,1.0
1771,rim,F,15,15,1.0
1772,rita,F,80,80,1.0
1773,rivka,F,13,13,1.0
1774,riyad,M,59,59,1.0
1775,robert,M,6,6,1.0
1776,robin,M,1006,1006,1.0
1777,robinson,M,97,97,1.0
1778,rodrigue,M,57,57,1.0
1779,rohan,M,7,7,1.0
1780,rokia,F,37,37,1.0
1781,romain,M,1823,1823,1.0
1782,roman,M,427,427,1.0
1783,romane,F,2057,2057,1.0
1784,romeo,M,204,204,1.0
1785,romy,F,331,331,1.0
1786,romÉo,M,12,12,1.0
1787,roméo,M,70,70,1.0
1788,ron,M,6,6,1.0
1789,ronan,M,63,63,1.0
1790,rosa,F,28,28,1.0
1791,rosalie,F,218,218,1.0
1792,rose,F,1381,1381,1.0
1793,roxane,F,435,435,1.0
1794,roxanne,F,33,33,1.0
1795,roy,M,6,6,1.0
1796,ruben,M,684,684,1.0
1797,rudy,M,30,30,1.0
1798,ruth,F,13,13,1.0
1799,ryad,M,85,85,1.0
1800,ryan,M,439,439,1.0
1801,rym,F,26,26,1.0
1802,rÉmi,M,30,30,1.0
1803,rémi,M,220,220,1.0
1804,rémy,M,38,38,1.0
1805,saad,M,6,6,1.0
1806,sabri,M,42,42,1.0
1807,sabrina,F,208,208,1.0
1808,sabrine,F,24,24,1.0
1809,sacha,M,2333,2333,1.0
1810,sadio,F,53,53,1.0
1811,safa,F,67,67,1.0
1812,safia,F,71,71,1.0
1813,safiya,F,22,22,1.0
1814,sakina,F,6,6,1.0
1815,salim,M,120,120,1.0
1816,salimata,F,68,68,1.0
1817,sally,F,6,6,1.0
1818,salma,F,358,358,1.0
1819,salome,F,666,666,1.0
1820,salomÉ,F,187,187,1.0
1821,salomé,F,251,251,1.0
1822,sam,M,161,161,1.0
1823,samantha,F,41,41,1.0
1824,samba,M,70,70,1.0
1825,sami,M,310,310,1.0
1826,samia,F,31,31,1.0
1827,samir,M,24,24,1.0
1828,samson,M,6,6,1.0
1829,samuel,M,1800,1800,1.0
1830,samy,M,492,492,1.0
1831,sana,F,131,131,1.0
1832,sanaa,F,14,14,1.0
1833,sandra,F,67,67,1.0
1834,sandro,M,139,139,1.0
1835,santiago,M,20,20,1.0
1836,sara,F,934,934,1.0
1837,sarah,F,3489,3489,1.0
1838,sarra,F,12,12,1.0
1839,sasha,F,594,715,0.8307692307692308
1841,saskia,F,7,7,1.0
1842,satine,F,36,36,1.0
1843,saul,M,20,20,1.0
1844,savannah,F,11,11,1.0
1845,saïd,M,39,39,1.0
1846,scarlett,F,44,44,1.0
1847,scott,M,8,8,1.0
1848,sean,M,48,48,1.0
1849,sebastian,M,29,29,1.0
1850,sebastien,M,146,146,1.0
1851,sekou,M,106,106,1.0
1852,selena,F,30,30,1.0
1853,selim,M,15,15,1.0
1854,selma,F,386,386,1.0
1855,selyan,M,39,39,1.0
1856,selène,F,12,12,1.0
1857,sephora,F,13,13,1.0
1858,serena,F,74,74,1.0
1859,serge,M,7,7,1.0
1860,serine,F,23,23,1.0
1861,seydou,M,21,21,1.0
1862,shana,F,266,266,1.0
1863,shani,F,6,6,1.0
1864,shanice,F,14,14,1.0
1865,shanna,F,33,33,1.0
1866,shannon,F,5,5,1.0
1867,shanon,F,6,6,1.0
1868,shany,F,15,15,1.0
1869,sharon,F,28,28,1.0
1870,shawn,M,7,7,1.0
1871,shayan,M,5,5,1.0
1872,shayma,F,6,6,1.0
1873,shayna,F,36,36,1.0
1874,shaÏna,F,7,7,1.0
1875,shaï,M,80,80,1.0
1876,shaïly,F,21,21,1.0
1877,shaïma,F,24,24,1.0
1878,shaïna,F,59,59,1.0
1879,shelly,F,16,16,1.0
1880,sherine,F,39,39,1.0
1881,shirel,F,207,207,1.0
1882,shirine,F,5,5,1.0
1883,sibylle,F,93,93,1.0
1884,sidney,M,13,13,1.0
1885,sidonie,F,164,164,1.0
1886,sidy,M,6,6,1.0
1887,sienna,F,53,53,1.0
1888,siham,F,13,13,1.0
1889,sihem,F,5,5,1.0
1890,silas,M,14,14,1.0
1891,siloe,F,20,20,1.0
1892,simeon,M,63,63,1.0
1893,simon,M,1783,1783,1.0
1894,sira,F,42,42,1.0
1895,sirine,F,297,297,1.0
1896,sixtine,F,266,266,1.0
1897,skander,M,7,7,1.0
1898,soan,M,96,96,1.0
1899,soen,M,7,7,1.0
1900,sofia,F,885,885,1.0
1901,sofian,M,31,31,1.0
1902,sofiane,M,448,448,1.0
1903,sohan,M,58,58,1.0
1904,sohane,F,21,21,1.0
1905,solal,M,412,412,1.0
1906,solange,F,13,13,1.0
1907,solenn,F,56,56,1.0
1908,soline,F,119,119,1.0
1909,solveig,F,27,27,1.0
1910,solÈne,F,35,35,1.0
1911,solène,F,356,356,1.0
1912,sonia,F,185,185,1.0
1913,sophia,F,337,337,1.0
1914,sophie,F,492,492,1.0
1915,soraya,F,76,76,1.0
1916,soren,M,83,83,1.0
1917,soukaïna,F,5,5,1.0
1918,souleyman,M,19,19,1.0
1919,souleymane,M,179,179,1.0
1920,soumaya,F,25,25,1.0
1921,stacy,F,6,6,1.0
1922,stan,M,13,13,1.0
1923,stanislas,M,311,311,1.0
1924,stanley,M,16,16,1.0
1925,steeve,M,9,9,1.0
1926,stefan,M,23,23,1.0
1927,stella,F,481,481,1.0
1928,stephane,M,88,88,1.0
1929,stephanie,F,29,29,1.0
1930,steve,M,6,6,1.0
1931,steven,M,117,117,1.0
1932,suzanne,F,406,406,1.0
1933,suzie,F,12,12,1.0
1934,sven,M,6,6,1.0
1935,swan,M,44,44,1.0
1936,swann,M,173,173,1.0
1937,sybille,F,15,15,1.0
1938,sylvain,M,70,70,1.0
1939,sylvia,F,6,6,1.0
1940,sylvie,F,13,13,1.0
1941,syrine,F,185,185,1.0
1942,sÉbastien,M,14,14,1.0
1943,sébastien,M,52,52,1.0
1944,sélène,F,10,10,1.0
1945,séléna,F,22,22,1.0
1946,séréna,F,5,5,1.0
1947,taha,M,6,6,1.0
1948,tal,F,26,26,1.0
1949,tali,F,67,67,1.0
1950,talia,F,94,94,1.0
1951,talya,F,13,13,1.0
1952,tamara,F,54,54,1.0
1953,tancrède,M,35,35,1.0
1954,tanguy,M,96,96,1.0
1955,tania,F,95,95,1.0
1956,tanya,F,15,15,1.0
1957,tao,M,92,92,1.0
1958,tara,F,129,129,1.0
1959,tasnim,F,39,39,1.0
1960,tasnime,F,17,17,1.0
1961,tatiana,F,68,68,1.0
1962,taïna,F,13,13,1.0
1963,taïs,F,6,6,1.0
1964,tea,F,5,5,1.0
1965,teddy,M,66,66,1.0
1966,teo,M,96,96,1.0
1967,terence,M,39,39,1.0
1968,tesnime,F,11,11,1.0
1969,tess,F,339,339,1.0
1970,tessa,F,228,228,1.0
1971,thalia,F,73,73,1.0
1972,thaÏs,F,110,110,1.0
1973,thaïs,F,351,351,1.0
1974,thea,F,98,98,1.0
1975,thelma,F,92,92,1.0
1976,theo,M,894,894,1.0
1977,theodore,M,311,311,1.0
1978,theophane,M,23,23,1.0
1979,theophile,M,296,296,1.0
1980,theotime,M,30,30,1.0
1981,therèse,F,6,6,1.0
1982,thiago,M,5,5,1.0
1983,thibaud,M,154,154,1.0
1984,thibault,M,747,747,1.0
1985,thibaut,M,218,218,1.0
1986,thierno,M,6,6,1.0
1987,thierry,M,58,58,1.0
1988,thiméo,M,5,5,1.0
1989,thomas,M,3593,3593,1.0
1990,thÉo,M,468,468,1.0
1991,thÉodore,M,6,6,1.0
1992,théa,F,21,21,1.0
1993,théo,M,1014,1014,1.0
1994,théodore,M,24,24,1.0
1995,théophile,M,6,6,1.0
1996,tia,F,7,7,1.0
1997,tiago,M,321,321,1.0
1998,tiana,F,18,18,1.0
1999,tidiane,M,62,62,1.0
2000,tiffany,F,79,79,1.0
2001,tiguida,F,5,5,1.0
2002,tilio,M,7,7,1.0
2003,tim,M,102,102,1.0
2004,timeo,M,187,187,1.0
2005,timothe,M,208,208,1.0
2006,timothee,M,621,621,1.0
2007,timothÉ,M,80,80,1.0
2008,timothÉe,M,97,97,1.0
2009,timothé,M,135,135,1.0
2010,timothée,M,171,171,1.0
2011,timÉo,M,262,262,1.0
2012,timéo,M,437,437,1.0
2013,tina,F,56,56,1.0
2014,tino,M,7,7,1.0
2015,tiphaine,F,136,136,1.0
2016,titouan,M,1215,1215,1.0
2017,tobias,M,19,19,1.0
2018,tom,M,2158,2158,1.0
2019,toma,M,5,5,1.0
2020,tomas,M,21,21,1.0
2021,tommy,M,18,18,1.0
2022,tony,M,236,236,1.0
2023,toscane,F,42,42,1.0
2024,tracy,F,12,12,1.0
2025,tristan,M,1058,1058,1.0
2026,tsipora,F,5,5,1.0
2027,tybalt,M,7,7,1.0
2028,tymeo,M,5,5,1.0
2029,tyméo,M,16,16,1.0
2030,tyron,M,5,5,1.0
2031,tÉo,M,33,33,1.0
2032,téo,M,106,106,1.0
2033,ugo,M,151,151,1.0
2034,ulysse,M,512,512,1.0
2035,vadim,M,248,248,1.0
2036,valentin,M,1694,1694,1.0
2037,valentina,F,65,65,1.0
2038,valentine,F,1107,1107,1.0
2039,valentino,M,14,14,1.0
2040,valerie,M,12,12,1.0
2041,vanessa,F,128,128,1.0
2042,vasco,M,8,8,1.0
2043,vera,F,5,5,1.0
2044,vianney,M,63,63,1.0
2045,victoire,F,879,879,1.0
2046,victor,M,2751,2751,1.0
2047,victoria,F,977,977,1.0
2048,victorien,M,6,6,1.0
2049,viktor,M,73,73,1.0
2050,viktoria,F,5,5,1.0
2051,vincent,M,597,597,1.0
2052,violette,F,610,610,1.0
2053,virgil,M,6,6,1.0
2054,virgile,M,212,212,1.0
2055,virginie,F,8,8,1.0
2056,viviane,F,69,69,1.0
2057,vivien,M,5,5,1.0
2058,vladimir,M,88,88,1.0
2059,wael,M,80,80,1.0
2060,walid,M,277,277,1.0
2061,wandrille,M,34,34,1.0
2062,warren,M,74,74,1.0
2063,wassim,M,365,365,1.0
2064,waël,M,59,59,1.0
2065,wendy,F,77,77,1.0
2066,wesley,M,44,44,1.0
2067,wiktoria,F,7,7,1.0
2068,wilfried,M,12,12,1.0
2069,william,M,875,875,1.0
2070,willy,M,21,21,1.0
2071,wilson,M,7,7,1.0
2072,wissam,F,6,6,1.0
2073,wissem,M,38,38,1.0
2074,xavier,M,143,143,1.0
2075,yacine,M,487,487,1.0
2076,yacouba,M,13,13,1.0
2077,yael,F,15,15,1.0
2078,yahya,M,14,14,1.0
2079,yamina,F,16,16,1.0
2080,yan,M,5,5,1.0
2081,yani,M,64,64,1.0
2082,yanis,M,2427,2427,1.0
2083,yaniss,M,11,11,1.0
2084,yann,M,596,596,1.0
2085,yanni,M,6,6,1.0
2086,yannick,M,83,83,1.0
2087,yannis,M,198,198,1.0
2088,yara,F,41,41,1.0
2089,yaron,M,7,7,1.0
2090,yasin,M,7,7,1.0
2091,yasmina,F,49,49,1.0
2092,yasmine,F,1017,1017,1.0
2093,yasser,M,14,14,1.0
2094,yassin,M,48,48,1.0
2095,yassine,M,494,494,1.0
2096,yaya,M,7,7,1.0
2097,yaËl,M,7,7,1.0
2098,yaël,F,132,156,0.8461538461538461
2100,yaëlle,F,7,7,1.0
2101,ylan,M,70,70,1.0
2102,yoan,M,180,180,1.0
2103,yoann,M,153,153,1.0
2104,yoav,M,12,12,1.0
2105,yoel,M,5,5,1.0
2106,yohan,M,246,246,1.0
2107,yohann,M,95,95,1.0
2108,yona,F,77,77,1.0
2109,yoni,M,32,32,1.0
2110,yossef,M,25,25,1.0
2111,youcef,M,109,109,1.0
2112,youenn,M,23,23,1.0
2113,youmna,F,6,6,1.0
2114,youna,F,36,36,1.0
2115,younes,M,286,286,1.0
2116,youness,M,5,5,1.0
2117,younès,M,76,76,1.0
2118,youri,M,28,28,1.0
2119,yousra,F,113,113,1.0
2120,youssef,M,458,458,1.0
2121,youssouf,M,126,126,1.0
2122,yoël,M,6,6,1.0
2123,yse,F,52,52,1.0
2124,ysee,F,49,49,1.0
2125,ysée,F,5,5,1.0
2126,yuna,F,107,107,1.0
2127,yuri,M,6,6,1.0
2128,yusuf,M,6,6,1.0
2129,yvan,M,45,45,1.0
2130,yves,M,18,18,1.0
2131,zacharia,M,5,5,1.0
2132,zacharie,M,188,188,1.0
2133,zachary,M,89,89,1.0
2134,zack,M,12,12,1.0
2135,zadig,M,35,35,1.0
2136,zahra,F,56,56,1.0
2137,zakaria,M,312,312,1.0
2138,zakariya,M,26,26,1.0
2139,zakary,M,17,17,1.0
2140,zakarya,M,27,27,1.0
2141,zayd,M,5,5,1.0
2142,zayneb,F,6,6,1.0
2143,zeinab,F,5,5,1.0
2144,zelie,F,192,192,1.0
2145,zephyr,M,6,6,1.0
2146,zia,F,11,11,1.0
2147,ziad,M,5,5,1.0
2148,zina,F,6,6,1.0
2149,zineb,F,33,33,1.0
2150,ziyad,M,20,20,1.0
2151,zoe,F,1124,1124,1.0
2152,zohra,F,6,6,1.0
2153,zoÉ,F,380,380,1.0
2154,zoé,F,776,776,1.0
2155,zoë,F,12,12,1.0
2156,zuzanna,F,6,6,1.0
2157,zÉlie,F,75,75,1.0
2158,zélie,F,83,83,1.0
2159,Élisa,F,10,10,1.0
2160,Élise,F,12,12,1.0
2161,Élora,F,5,5,1.0
2162,Éloïse,F,6,6,1.0
2163,ÉlÉa,F,14,14,1.0
2164,Éléa,F,24,24,1.0
2165,Énora,F,6,6,1.0
2166,Éthan,M,7,7,1.0
2167,Éva,F,5,5,1.0
